<?xml version="1.0" encoding="UTF-8" standalone="yes"?><addons><addon id="script.keymap"       name="Keymap Editor"       version="1.0.10"       provider-name="takoi">    <requires>        <import addon="xbmc.python" version="2.19.0"/>    </requires>    <extension point="xbmc.python.script" library="main.py"/>    <extension point="xbmc.addon.metadata">        <summary lang="en">An editor for keymap files</summary>        <description lang="en">Keymap Editor is a GUI for configuring mappings for remotes, keyboard and other inputs supported by xbmc. Note: existing user defined key mappings will be removed.</description>        <platform>all</platform>        <language/>        <license>GNU GENERAL PUBLIC LICENSE. Version 3, 29 June 2007</license>        <forum>http://forum.xbmc.org/showthread.php?tid=168767</forum>        <source>https://github.com/tamland/xbmc-keymap-editor</source>    </extension></addon><addon id="repository.exodus" version="1.0.1" name="Exodus repository" provider-name="Exodus">	<extension point="xbmc.addon.repository" name="Exodus repository">		<dir>			<info compressed="false">https://offshoregit.com/tvaresolvers/tva-common-repository/raw/master/addons.xml</info>			<checksum>https://offshoregit.com/tvaresolvers/tva-common-repository/raw/master/addons.xml.md5</checksum>			<datadir zip="true">https://offshoregit.com/tvaresolvers/tva-common-repository/raw/master/zips/</datadir>		</dir>		<info compressed="false">https://offshoregit.com/exodus/addons.xml</info>		<checksum>https://offshoregit.com/exodus/addons.xml.md5</checksum>		<datadir zip="true">https://offshoregit.com/exodus/</datadir>	</extension>	<extension point="xbmc.addon.metadata">		<summary lang="en">Exodus repository</summary>		<description lang="en">Exodus repository</description>		<platform>all</platform>	</extension></addon><addon  id="plugin.video.videodevil"  version="1.7.154"  name="VideoDevil"  provider-name="xbmc-adult">  <requires>   <import addon="xbmc.python" version="2.14.0"/>  </requires>  <extension     point="xbmc.python.pluginsource"    library="default.py">   <provides>video</provides>  </extension>  <extension point="xbmc.addon.metadata">    <summary>Play videos from different adult streaming sites</summary>    <description>This addon plays videos from YouPorn, Tube8, Boysfood, MoviesAnd, PornoTube, xHamster, KeezMovies and some other adult streaming sites. It contains explicit adult material. You may only view this addon if you are at least 18 years of age, or at least the age of majority in the jurisdiction where you reside or from which you access this content. If you do not meet these requirements, then you do not have permission to use this addon. </description>    <disclaimer>The author does not host or distribute any of the content displayed by this addon. The author does not have any affiliation with the content provider.</disclaimer>    <platform>all</platform>  </extension></addon><addon  id="plugin.video.SportsDevil"  version="2017.02.29"  name="SportsDevil"  provider-name="SportsDevil">  <requires>   <import addon="xbmc.python" version="2.14.0"/>   <import addon="script.module.dateutil" />   <import addon="script.module.simplejson" />   <import addon="script.module.six" />   <import addon="script.module.requests" />   <import addon="script.module.livestreamer" />  </requires>  <extension     point="xbmc.python.pluginsource"    library="default.py">   <provides>video</provides>  </extension>  <extension point="xbmc.addon.metadata">    <summary>Play videos of different sports streaming sites</summary>    <description>Play videos of different sports streaming sites</description>    <license>GNU GENERAL PUBLIC LICENSE. Version 2, June 1991</license>    <platform>all</platform>  </extension></addon><addon id="plugin.video.specto" name="Specto"  version="2017.06.11.1" provider-name="mrknow" >	<requires>		<import addon="xbmc.python" version="2.1.0" />		<import addon="script.module.requests" />		<import addon="script.module.metahandler" />		<import addon="plugin.video.youtube" optional="true" />		<import addon="script.mrknow.urlresolver" />		<import addon="script.specto.media" />	</requires>	<extension point="xbmc.python.pluginsource" library="default.py">		<provides>video</provides>	</extension>	<extension point="xbmc.service" library="service.py" start="startup" />	<extension point="xbmc.addon.metadata">		<summary lang="en">Mrknow fork of ...</summary>		<description lang="en">Specto - ... Fork. Website http://filmkodi.com . Our suport forum https://github.com/mrknow/filmkodi/issues.</description>		<disclaimer lang="en">The author does not host or distribute any of the content displayed by this addon. The author does not have any affiliation with the content provider.		</disclaimer>		<forum>https://github.com/mrknow/filmkodi/issues</forum>		<source>http://filmkodi.com/repository/</source>		<website>http://filmkodi.com/en/wtyczka-specto-fork-genesis/</website>		<platform>all</platform>	</extension></addon><addon id="plugin.video.live.streamspro"       name="LiveStreamsPro"       version="2.8.1"       provider-name="Shani">  <requires>    <import addon="xbmc.python" version="2.1.0"/>    <import addon="script.module.beautifulsoup" version="3.2.1"/>    <import addon="script.module.simple.downloader" version="0.9.4"/>    <import addon="script.module.beautifulsoup4" />    <import addon="script.module.requests" />    <import addon="script.module.httplib2" />    <import addon="script.module.liveresolver" version="0.1.24" optional="true"/>    <import addon="script.module.youtube.dl" optional="true"/>    <import addon="plugin.video.youtube" optional="true" />    <import addon="script.module.urlresolver" optional="true"/>    <import addon="script.module.simplejson" />         <import addon="script.module.livestreamer" optional="true"/>     <import addon="script.module.pyamf" optional="true"/>  </requires>  <extension point="xbmc.python.pluginsource" library="default.py">    <provides>video</provides>  </extension>    <extension point="xbmc.addon.metadata">    <summary>livestreamspro- shamelessly forked from livestreams but added many thinks</summary>    <description>        In addition to what livestreams allowed you to do, you can now,        1. call regex in regex,        2. multiple regex in page, regex in session, also htmlunescape responses        3. create session from one regex and pass onto next in line        4. save sessions to a file and open again later        5. write python code in .py file, put in the profile directory and then call from your regex.        6. use epoctime, guid and unpack as functions already defined.        7. Use it to post values to the pages to get the proper responses        8. support many headers, like origin, X-Requested-With        9. you can now append cookies in response and then read in regex using includeheaders        10. You can now link to another web url via your xml using externallink        11. support for google captcha, now you can show and then post the text            </description>    <platform>all</platform>  </extension></addon><addon id="plugin.video.freshstart" name="Fresh Start"	version="1.0.6" provider-name="tvaddons.ag">  <requires>   <import addon="plugin.program.indigo" version="1.0.0" />    <import addon="xbmc.python" version="2.1.0"/>  </requires>  <extension point="xbmc.python.pluginsource" library="default.py">    <provides>executable</provides>  </extension>  <extension point="xbmc.addon.metadata">    <summary lang="en">Factory Restore Functionality for Kodi</summary>    <description lang="en">Easily Factory Restore your Kodi Configuration in One Simple Click! This tool will bring your Kodi back to its original installation state, deleting all customizations and add-ons you may have previously enabled, giving you a fresh start!</description>    <platform>all</platform>    <forum>http://forums.tvaddons.ag/forums/141-FRESH-START</forum>    <website>http://www.tvaddons.ag/</website>  </extension></addon>	<addon id="repository.EasyRepo" name="[B]EasyRepo Repository[/B]" version="1.0" provider-name="UNKNOWN">	<extension point="xbmc.addon.repository" name="EasyRepo repository">		<info compressed="false">https://sites.google.com/view/easyrepo/</info>		<checksum>https://sites.google.com/view/easyrepo/</checksum>		<datadir zip="true">https://sites.google.com/view/easyrepo/</datadir>	</extension>	  <extension point="xbmc.addon.metadata">		<summary lang="en">EasyRepo Repository</summary>		<description lang="en">Please visit http://streamhelp.org click on some of the adverts to help with the server costs. Thank you.</description>		<platform>all</platform>		<forum>http://koditalk.org/</forum>		<website>https://streamhelp.org/</website>	  <assets>		<icon>icon.png</icon>		<screenshot>resources/screenshots/screenshot1.jpg</screenshot>		<screenshot>resources/screenshots/screenshot2.jpg</screenshot>		<screenshot>resources/screenshots/screenshot3.jpg</screenshot>		<screenshot>resources/screenshots/screenshot4.jpg</screenshot>		<screenshot>resources/screenshots/screenshot5.jpg</screenshot>	  </assets>	  </extension></addon></addons>